name,hex_char_1,hex_char_2,path
Achatina_Character_BP_C,111,103,BlueprintGeneratedClass /Game/PrimalEarth/Dinos/Achatina/Achatina_Character_BP.Achatina_Character_BP_C
Acro_Character_BP_C,137,129,BlueprintGeneratedClass /Game/Fjordur/Dinos/Acrocanthosaurus/Dinos/Acrocanthosaurus_Character_BP.Acrocanthosaurus_Character_BP_C
Allo_Character_BP_C,105,97,BlueprintGeneratedClass /Game/PrimalEarth/Dinos/Allosaurus/Allo_Character_BP.Allo_Character_BP_C
MegaCarno_Character_BP_C,110,102,BlueprintGeneratedClass /Game/PrimalEarth/Dinos/Carno/MegaCarno_Character_BP.MegaCarno_Character_BP_C
Alpha_Leedsichthys_Character_BP_C,135,127,BlueprintGeneratedClass /Game/PrimalEarth/Dinos/Leedsichthys/Alpha_Leedsichthys_Character_BP.Alpha_Leedsichthys_Character_BP_C
MegaMegalodon_Character_BP_C,122,114,BlueprintGeneratedClass /Game/PrimalEarth/Dinos/Megalodon/MEgaMegalodon_Character_BP.MegaMegalodon_Character_BP_C
Mosa_Character_BP_Mega_C,115,107,BlueprintGeneratedClass /Game/PrimalEarth/Dinos/Mosasaurus/Mosa_Character_BP_Mega.Mosa_Character_BP_Mega_C
MegaRaptor_Character_BP_C,113,105,BlueprintGeneratedClass /Game/PrimalEarth/Dinos/Raptor/MegaRaptor_Character_BP.MegaRaptor_Character_BP_C
MegaRex_Character_BP_C,104,96,BlueprintGeneratedClass /Game/PrimalEarth/Dinos/Rex/MegaRex_Character_BP.MegaRex_Character_BP_C
Mega_Tusoteuthis_Character_BP_C,130,122,BlueprintGeneratedClass /Game/PrimalEarth/Dinos/Tusoteuthis/Mega_Tusoteuthis_Character_BP.Mega_Tusoteuthis_Character_BP_C
Ammonite_Character_C,105,97,BlueprintGeneratedClass /Game/PrimalEarth/Dinos/Ammonite/Ammonite_Character.Ammonite_Character_C
Angler_Character_BP_C,109,101,BlueprintGeneratedClass /Game/PrimalEarth/Dinos/Anglerfish/Angler_Character_BP.Angler_Character_BP_C
Ankylo_Character_BP_C,105,97,BlueprintGeneratedClass /Game/PrimalEarth/Dinos/Ankylo/Ankylo_Character_BP.Ankylo_Character_BP_C
SpiderS_Character_BP_C,113,105,BlueprintGeneratedClass /Game/PrimalEarth/Dinos/Spider-Small/SpiderS_Character_BP.SpiderS_Character_BP_C
Archa_Character_BP_C,110,102,BlueprintGeneratedClass /Game/PrimalEarth/Dinos/Archaeopteryx/Archa_Character_BP.Archa_Character_BP_C
Argent_Character_BP_C,109,101,BlueprintGeneratedClass /Game/PrimalEarth/Dinos/Argentavis/Argent_Character_BP.Argent_Character_BP_C
Arthro_Character_BP_C,111,103,BlueprintGeneratedClass /Game/PrimalEarth/Dinos/Arthropluera/Arthro_Character_BP.Arthro_Character_BP_C
Cow_Character_BP_C,92,84,BlueprintGeneratedClass /Game/Fjordur/Dinos/Cow/Cow_Character_BP.Cow_Character_BP_C
Baryonyx_Character_BP_C,111,103,BlueprintGeneratedClass /Game/PrimalEarth/Dinos/Baryonyx/Baryonyx_Character_BP.Baryonyx_Character_BP_C
Basilosaurus_Character_BP_C,123,115,BlueprintGeneratedClass /Game/PrimalEarth/Dinos/Basilosaurus/Basilosaurus_Character_BP.Basilosaurus_Character_BP_C
Toad_Character_BP_C,99,91,BlueprintGeneratedClass /Game/PrimalEarth/Dinos/Toad/Toad_Character_BP.Toad_Character_BP_C
Sauropod_Character_BP_C,111,103,BlueprintGeneratedClass /Game/PrimalEarth/Dinos/Sauropod/Sauropod_Character_BP.Sauropod_Character_BP_C
SpiderL_Character_BP_C,113,105,BlueprintGeneratedClass /Game/PrimalEarth/Dinos/Spider-Large/SpiderL_Character_BP.SpiderL_Character_BP_C
Chalico_Character_BP_C,115,107,BlueprintGeneratedClass /Game/PrimalEarth/Dinos/Chalicotherium/Chalico_Character_BP.Chalico_Character_BP_C
Turtle_Character_BP_C,105,97,BlueprintGeneratedClass /Game/PrimalEarth/Dinos/Turtle/Turtle_Character_BP.Turtle_Character_BP_C
Carno_Character_BP_C,102,94,BlueprintGeneratedClass /Game/PrimalEarth/Dinos/Carno/Carno_Character_BP.Carno_Character_BP_C
Beaver_Character_BP_C,105,97,BlueprintGeneratedClass /Game/PrimalEarth/Dinos/Beaver/Beaver_Character_BP.Beaver_Character_BP_C
Cnidaria_Character_BP_C,111,103,BlueprintGeneratedClass /Game/PrimalEarth/Dinos/Cnidaria/Cnidaria_Character_BP.Cnidaria_Character_BP_C
Coel_Character_BP_C,105,97,BlueprintGeneratedClass /Game/PrimalEarth/Dinos/Coelacanth/Coel_Character_BP.Coel_Character_BP_C
Compy_Character_BP_C,102,94,BlueprintGeneratedClass /Game/PrimalEarth/Dinos/Compy/Compy_Character_BP.Compy_Character_BP_C
Daeodon_Character_BP_C,108,100,BlueprintGeneratedClass /Game/PrimalEarth/Dinos/Daeodon/Daeodon_Character_BP.Daeodon_Character_BP_C
Dilo_Character_BP_C,99,91,BlueprintGeneratedClass /Game/PrimalEarth/Dinos/Dilo/Dilo_Character_BP.Dilo_Character_BP_C
Dimetro_Character_BP_C,111,103,BlueprintGeneratedClass /Game/PrimalEarth/Dinos/Dimetrodon/Dimetro_Character_BP.Dimetro_Character_BP_C
Dimorph_Character_BP_C,112,104,BlueprintGeneratedClass /Game/PrimalEarth/Dinos/Dimorphodon/Dimorph_Character_BP.Dimorph_Character_BP_C
Diplocaulus_Character_BP_C,120,112,BlueprintGeneratedClass /Game/PrimalEarth/Dinos/Diplocaulus/Diplocaulus_Character_BP.Diplocaulus_Character_BP_C
Diplodocus_Character_BP_C,117,109,BlueprintGeneratedClass /Game/PrimalEarth/Dinos/Diplodocus/Diplodocus_Character_BP.Diplodocus_Character_BP_C
Direbear_Character_BP_C,111,103,BlueprintGeneratedClass /Game/PrimalEarth/Dinos/Direbear/Direbear_Character_BP.Direbear_Character_BP_C
Direwolf_Character_BP_C,111,103,BlueprintGeneratedClass /Game/PrimalEarth/Dinos/Direwolf/Direwolf_Character_BP.Direwolf_Character_BP_C
Ghost_Direwolf_Character_BP_C,123,115,BlueprintGeneratedClass /Game/PrimalEarth/Dinos/Direwolf/Ghost_Direwolf_Character_BP.Ghost_Direwolf_Character_BP_C
Dodo_Character_BP_C,99,91,BlueprintGeneratedClass /Game/PrimalEarth/Dinos/Dodo/Dodo_Character_BP.Dodo_Character_BP_C
DodoRex_Character_BP_C,108,100,BlueprintGeneratedClass /Game/PrimalEarth/Dinos/DodoRex/DodoRex_Character_BP.DodoRex_Character_BP_C
Doed_Character_BP_C,105,97,BlueprintGeneratedClass /Game/PrimalEarth/Dinos/Doedicurus/Doed_Character_BP.Doed_Character_BP_C
Dragon_Character_BP_Boss_Easy_C,125,117,BlueprintGeneratedClass /Game/PrimalEarth/Dinos/Dragon/Dragon_Character_BP_Boss_Easy.Dragon_Character_BP_Boss_Easy_C
Dragon_Character_BP_Boss_Medium_C,129,121,BlueprintGeneratedClass /Game/PrimalEarth/Dinos/Dragon/Dragon_Character_BP_Boss_Medium.Dragon_Character_BP_Boss_Medium_C
Dragon_Character_BP_Boss_Hard_C,125,117,BlueprintGeneratedClass /Game/PrimalEarth/Dinos/Dragon/Dragon_Character_BP_Boss_Hard.Dragon_Character_BP_Boss_Hard_C
DungBeetle_Character_BP_C,117,109,BlueprintGeneratedClass /Game/PrimalEarth/Dinos/DungBeetle/DungBeetle_Character_BP.DungBeetle_Character_BP_C
Dunkle_Character_BP_C,111,103,BlueprintGeneratedClass /Game/PrimalEarth/Dinos/Dunkleosteus/Dunkle_Character_BP.Dunkle_Character_BP_C
Eel_Character_BP_C,96,88,BlueprintGeneratedClass /Game/PrimalEarth/Dinos/Eel/Eel_Character_BP.Eel_Character_BP_C
Equus_Character_BP_C,102,94,BlueprintGeneratedClass /Game/PrimalEarth/Dinos/Equus/Equus_Character_BP.Equus_Character_BP_C
Equus_Character_BP_Unicorn_C,118,110,BlueprintGeneratedClass /Game/PrimalEarth/Dinos/Equus/Equus_Character_BP_Unicorn.Equus_Character_BP_Unicorn_C
Euryp_Character_C,101,93,BlueprintGeneratedClass /Game/PrimalEarth/Dinos/Eurypterid/Euryp_Character.Euryp_Character_C
Galli_Character_BP_C,107,99,BlueprintGeneratedClass /Game/PrimalEarth/Dinos/Gallimimus/Galli_Character_BP.Galli_Character_BP_C
Bee_Character_BP_C,96,88,BlueprintGeneratedClass /Game/PrimalEarth/Dinos/Bee/Bee_Character_BP.Bee_Character_BP_C
Gigant_Character_BP_C,113,105,BlueprintGeneratedClass /Game/PrimalEarth/Dinos/Giganotosaurus/Gigant_Character_BP.Gigant_Character_BP_C
Bigfoot_Character_BP_C,108,100,BlueprintGeneratedClass /Game/PrimalEarth/Dinos/Bigfoot/Bigfoot_Character_BP.Bigfoot_Character_BP_C
Hesperornis_Character_BP_C,120,112,BlueprintGeneratedClass /Game/PrimalEarth/Dinos/Hesperornis/Hesperornis_Character_BP.Hesperornis_Character_BP_C
Hyaenodon_Character_BP_C,114,106,BlueprintGeneratedClass /Game/PrimalEarth/Dinos/Hyaenodon/Hyaenodon_Character_BP.Hyaenodon_Character_BP_C
Ichthyornis_Character_BP_C,120,112,BlueprintGeneratedClass /Game/PrimalEarth/Dinos/Ichthyornis/Ichthyornis_Character_BP.Ichthyornis_Character_BP_C
Dolphin_Character_BP_C,108,100,BlueprintGeneratedClass /Game/PrimalEarth/Dinos/Dolphin/Dolphin_Character_BP.Dolphin_Character_BP_C
Iguanodon_Character_BP_C,114,106,BlueprintGeneratedClass /Game/PrimalEarth/Dinos/Iguanodon/Iguanodon_Character_BP.Iguanodon_Character_BP_C
Kairuku_Character_BP_C,108,100,BlueprintGeneratedClass /Game/PrimalEarth/Dinos/Kairuku/Kairuku_Character_BP.Kairuku_Character_BP_C
Kaprosuchus_Character_BP_C,120,112,BlueprintGeneratedClass /Game/PrimalEarth/Dinos/Kaprosuchus/Kaprosuchus_Character_BP.Kaprosuchus_Character_BP_C
Kentro_Character_BP_C,111,103,BlueprintGeneratedClass /Game/PrimalEarth/Dinos/Kentrosaurus/Kentro_Character_BP.Kentro_Character_BP_C
Leech_Character_C,96,88,BlueprintGeneratedClass /Game/PrimalEarth/Dinos/Leech/Leech_Character.Leech_Character_C
Leech_Character_Diseased_C,114,106,BlueprintGeneratedClass /Game/PrimalEarth/Dinos/Leech/Leech_Character_Diseased.Leech_Character_Diseased_C
Leedsichthys_Character_BP_C,123,115,BlueprintGeneratedClass /Game/PrimalEarth/Dinos/Leedsichthys/Leedsichthys_Character_BP.Leedsichthys_Character_BP_C
Liopleurodon_Character_BP_C,123,115,BlueprintGeneratedClass /Game/PrimalEarth/Dinos/Liopleurodon/Liopleurodon_Character_BP.Liopleurodon_Character_BP_C
Lystro_Character_BP_C,111,103,BlueprintGeneratedClass /Game/PrimalEarth/Dinos/Lystrosaurus/Lystro_Character_BP.Lystro_Character_BP_C
Mammoth_Character_BP_C,108,100,BlueprintGeneratedClass /Game/PrimalEarth/Dinos/Mammoth/Mammoth_Character_BP.Mammoth_Character_BP_C
Manta_Character_BP_C,102,94,BlueprintGeneratedClass /Game/PrimalEarth/Dinos/Manta/Manta_Character_BP.Manta_Character_BP_C
Megacerops_Character_BP_C,113,105,BlueprintGeneratedClass /Game/Fjordur/Dinos/Megacerops/Megacerops_Character_BP.Megacerops_Character_BP_C
Megalania_Character_BP_C,114,106,BlueprintGeneratedClass /Game/PrimalEarth/Dinos/Megalania/Megalania_Character_BP.Megalania_Character_BP_C
Stag_Character_BP_C,99,91,BlueprintGeneratedClass /Game/PrimalEarth/Dinos/Stag/Stag_Character_BP.Stag_Character_BP_C
Megalodon_Character_BP_C,114,106,BlueprintGeneratedClass /Game/PrimalEarth/Dinos/Megalodon/Megalodon_Character_BP.Megalodon_Character_BP_C
Megalosaurus_Character_BP_C,123,115,BlueprintGeneratedClass /Game/PrimalEarth/Dinos/Megalosaurus/Megalosaurus_Character_BP.Megalosaurus_Character_BP_C
Dragonfly_Character_BP_C,114,106,BlueprintGeneratedClass /Game/PrimalEarth/Dinos/Dragonfly/Dragonfly_Character_BP.Dragonfly_Character_BP_C
Gorilla_Character_BP_C,108,100,BlueprintGeneratedClass /Game/PrimalEarth/Dinos/Gorilla/Gorilla_Character_BP.Gorilla_Character_BP_C
Megatherium_Character_BP_C,120,112,BlueprintGeneratedClass /Game/PrimalEarth/Dinos/Megatherium/Megatherium_Character_BP.Megatherium_Character_BP_C
Monkey_Character_BP_C,105,97,BlueprintGeneratedClass /Game/PrimalEarth/Dinos/Monkey/Monkey_Character_BP.Monkey_Character_BP_C
Microraptor_Character_BP_C,120,112,BlueprintGeneratedClass /Game/PrimalEarth/Dinos/Microraptor/Microraptor_Character_BP.Microraptor_Character_BP_C
Mosa_Character_BP_C,105,97,BlueprintGeneratedClass /Game/PrimalEarth/Dinos/Mosasaurus/Mosa_Character_BP.Mosa_Character_BP_C
Moschops_Character_BP_C,111,103,BlueprintGeneratedClass /Game/PrimalEarth/Dinos/Moschops/Moschops_Character_BP.Moschops_Character_BP_C
Bat_Character_BP_C,96,88,BlueprintGeneratedClass /Game/PrimalEarth/Dinos/Bat/Bat_Character_BP.Bat_Character_BP_C
Otter_Character_BP_C,102,94,BlueprintGeneratedClass /Game/PrimalEarth/Dinos/Otter/Otter_Character_BP.Otter_Character_BP_C
Oviraptor_Character_BP_C,114,106,BlueprintGeneratedClass /Game/PrimalEarth/Dinos/Oviraptor/Oviraptor_Character_BP.Oviraptor_Character_BP_C
Sheep_Character_BP_C,102,94,BlueprintGeneratedClass /Game/PrimalEarth/Dinos/Sheep/Sheep_Character_BP.Sheep_Character_BP_C
Pachy_Character_BP_C,102,94,BlueprintGeneratedClass /Game/PrimalEarth/Dinos/Pachy/Pachy_Character_BP.Pachy_Character_BP_C
Pachyrhino_Character_BP_C,123,115,BlueprintGeneratedClass /Game/PrimalEarth/Dinos/Pachyrhinosaurus/Pachyrhino_Character_BP.Pachyrhino_Character_BP_C
Paracer_Character_BP_C,116,108,BlueprintGeneratedClass /Game/PrimalEarth/Dinos/Paraceratherium/Paracer_Character_BP.Paracer_Character_BP_C
Para_Character_BP_C,99,91,BlueprintGeneratedClass /Game/PrimalEarth/Dinos/Para/Para_Character_BP.Para_Character_BP_C
Pegomastax_Character_BP_C,117,109,BlueprintGeneratedClass /Game/PrimalEarth/Dinos/Pegomastax/Pegomastax_Character_BP.Pegomastax_Character_BP_C
Pela_Character_BP_C,105,97,BlueprintGeneratedClass /Game/PrimalEarth/Dinos/Pelagornis/Pela_Character_BP.Pela_Character_BP_C
Phiomia_Character_BP_C,108,100,BlueprintGeneratedClass /Game/PrimalEarth/Dinos/Phiomia/Phiomia_Character_BP.Phiomia_Character_BP_C
Piranha_Character_BP_C,108,100,BlueprintGeneratedClass /Game/PrimalEarth/Dinos/Piranha/Piranha_Character_BP.Piranha_Character_BP_C
Plesiosaur_Character_BP_C,117,109,BlueprintGeneratedClass /Game/PrimalEarth/Dinos/Plesiosaur/Plesiosaur_Character_BP.Plesiosaur_Character_BP_C
Procoptodon_Character_BP_C,120,112,BlueprintGeneratedClass /Game/PrimalEarth/Dinos/Procoptodon/Procoptodon_Character_BP.Procoptodon_Character_BP_C
Ptero_Character_BP_C,102,94,BlueprintGeneratedClass /Game/PrimalEarth/Dinos/Ptero/Ptero_Character_BP.Ptero_Character_BP_C
Scorpion_Character_BP_C,111,103,BlueprintGeneratedClass /Game/PrimalEarth/Dinos/Scorpion/Scorpion_Character_BP.Scorpion_Character_BP_C
Purlovia_Character_BP_C,111,103,BlueprintGeneratedClass /Game/PrimalEarth/Dinos/Purlovia/Purlovia_Character_BP.Purlovia_Character_BP_C
Quetz_Character_BP_C,111,103,BlueprintGeneratedClass /Game/PrimalEarth/Dinos/Quetzalcoatlus/Quetz_Character_BP.Quetz_Character_BP_C
Raptor_Character_BP_C,105,97,BlueprintGeneratedClass /Game/PrimalEarth/Dinos/Raptor/Raptor_Character_BP.Raptor_Character_BP_C
Rex_Character_BP_C,96,88,BlueprintGeneratedClass /Game/PrimalEarth/Dinos/Rex/Rex_Character_BP.Rex_Character_BP_C
Ghost_Rex_Character_BP_C,108,100,BlueprintGeneratedClass /Game/PrimalEarth/Dinos/Rex/Ghost_Rex_Character_BP.Ghost_Rex_Character_BP_C
Saber_Character_BP_C,102,94,BlueprintGeneratedClass /Game/PrimalEarth/Dinos/Saber/Saber_Character_BP.Saber_Character_BP_C
Salmon_Character_BP_C,105,97,BlueprintGeneratedClass /Game/PrimalEarth/Dinos/Salmon/Salmon_Character_BP.Salmon_Character_BP_C
Sarco_Character_BP_C,102,94,BlueprintGeneratedClass /Game/PrimalEarth/Dinos/Sarco/Sarco_Character_BP.Sarco_Character_BP_C
Bone_Sauropod_Character_BP_C,121,113,BlueprintGeneratedClass /Game/PrimalEarth/Dinos/Sauropod/Bone_Sauropod_Character_BP.Bone_Sauropod_Character_BP_C
Bone_MegaCarno_Character_BP_C,119,111,BlueprintGeneratedClass /Game/PrimalEarth/Dinos/Carno/Bone_MegaCarno_Character_BP.Bone_MegaCarno_Character_B_C
Bone_Gigant_Character_BP_C,123,115,BlueprintGeneratedClass /Game/PrimalEarth/Dinos/Giganotosaurus/Bone_Gigant_Character_BP.Bone_Gigant_Character_BP_C
Bone_Quetz_Character_BP_C,121,113,BlueprintGeneratedClass /Game/PrimalEarth/Dinos/Quetzalcoatlus/Bone_Quetz_Character_BP.Bone_Quetz_Character_BP_C
Bone_MegaRaptor_Character_BP_C,123,115,BlueprintGeneratedClass /Game/PrimalEarth/Dinos/Raptor/Bone_MegaRaptor_Character_BP.Bone_MegaRaptor_Character_BP_C
Bone_MegaRex_Character_BP_C,114,106,BlueprintGeneratedClass /Game/PrimalEarth/Dinos/Rex/Bone_MegaRex_Character_BP.Bone_MegaRex_Character_BP_C
Bone_Stego_Character_BP_C,88,80,BlueprintGeneratedClass /Game/PrimalEarth/Dinos/Stego/Bone_Stego_Character_BP_C
Bone_Trike_Character_BP_C,88,80,BlueprintGeneratedClass /Game/PrimalEarth/Dinos/Trike/Bone_Trike_Character_BP_C
Spino_Character_BP_C,102,94,BlueprintGeneratedClass /Game/PrimalEarth/Dinos/Spino/Spino_Character_BP.Spino_Character_BP_C
Stego_Character_BP_C,102,94,BlueprintGeneratedClass /Game/PrimalEarth/Dinos/Stego/Stego_Character_BP.Stego_Character_BP_C
Styra_Character_BP_C,107,99,BlueprintGeneratedClass /Game/Fjordur/Dinos/Styracho/Styracho_Character_BP.Styracho_Character_BP_C
Tapejara_Character_BP_C,111,103,BlueprintGeneratedClass /Game/PrimalEarth/Dinos/Tapejara/Tapejara_Character_BP.Tapejara_Character_BP_C
BionicPara_Character_BP_C,111,103,BlueprintGeneratedClass /Game/PrimalEarth/Dinos/Para/BionicPara_Character_BP.BionicPara_Character_BP_C
BionicQuetz_Character_BP_C,123,115,BlueprintGeneratedClass /Game/PrimalEarth/Dinos/Quetzalcoatlus/BionicQuetz_Character_BP.BionicQuetz_Character_BP_C
BionicRaptor_Character_BP_C,117,109,BlueprintGeneratedClass /Game/PrimalEarth/Dinos/Raptor/BionicRaptor_Character_BP.BionicRaptor_Character_BP_C
BionicRex_Character_BP_C,108,100,BlueprintGeneratedClass /Game/PrimalEarth/Dinos/Rex/BionicRex_Character_BP.BionicRex_Character_BP_C
BionicStego_Character_BP_C,114,106,BlueprintGeneratedClass /Game/PrimalEarth/Dinos/Stego/BionicStego_Character_BP.BionicStego_Character_BP_C
TerrorBird_Character_BP_C,117,109,BlueprintGeneratedClass /Game/PrimalEarth/Dinos/TerrorBird/TerrorBird_Character_BP.TerrorBird_Character_BP_C
Therizino_Character_BP_C,120,112,BlueprintGeneratedClass /Game/PrimalEarth/Dinos/Therizinosaurus/Therizino_Character_BP.Therizino_Character_BP_C
Thylacoleo_Character_BP_C,117,109,BlueprintGeneratedClass /Game/PrimalEarth/Dinos/Thylacoleo/Thylacoleo_Character_BP.Thylacoleo_Character_BP_C
BoaFrill_Character_BP_C,111,103,BlueprintGeneratedClass /Game/PrimalEarth/Dinos/BoaFrill/BoaFrill_Character_BP.BoaFrill_Character_BP_C
Ant_Character_BP_C,96,88,BlueprintGeneratedClass /Game/PrimalEarth/Dinos/Ant/Ant_Character_BP.Ant_Character_BP_C
FlyingAnt_Character_BP_C,108,100,BlueprintGeneratedClass /Game/PrimalEarth/Dinos/Ant/FlyingAnt_Character_BP.FlyingAnt_Character_BP_C
Titanosaur_Character_BP_C,117,109,BlueprintGeneratedClass /Game/PrimalEarth/Dinos/titanosaur/Titanosaur_Character_BP.Titanosaur_Character_BP_C
Trike_Character_BP_C,102,94,BlueprintGeneratedClass /Game/PrimalEarth/Dinos/Trike/Trike_Character_BP.Trike_Character_BP_C
Trilobite_Character_C,108,100,BlueprintGeneratedClass /Game/PrimalEarth/Dinos/Trilobite/Trilobite_Character.Trilobite_Character_C
Troodon_Character_BP_C,108,100,BlueprintGeneratedClass /Game/PrimalEarth/Dinos/Troodon/Troodon_Character_BP.Troodon_Character_BP_C
TurkeyBase_Character_BP_C,111,103,BlueprintGeneratedClass /Game/PrimalEarth/Dinos/Dodo/TurkeyBase_Character_BP.TurkeyBase_Character_BP_C
Turkey_Character_BP_C,103,95,BlueprintGeneratedClass /Game/PrimalEarth/Dinos/Dodo/Turkey_Character_BP.Turkey_Character_BP_C
Tusoteuthis_Character_BP_C,120,112,BlueprintGeneratedClass /Game/PrimalEarth/Dinos/Tusoteuthis/Tusoteuthis_Character_BP.Tusoteuthis_Character_BP_C
Rhino_Character_BP_C,108,100,BlueprintGeneratedClass /Game/PrimalEarth/Dinos/WoollyRhino/Rhino_Character_BP.Rhino_Character_BP_C
Yeti_Character_BP_C,102,94,BlueprintGeneratedClass /Game/PrimalEarth/Dinos/Bigfoot/Yeti_Character_BP.Yeti_Character_BP_C
Yutyrannus_Character_BP_C,117,109,BlueprintGeneratedClass /Game/PrimalEarth/Dinos/Yutyrannus/Yutyrannus_Character_BP.Yutyrannus_Character_BP_C
ZombieDodo_Character_BP_C,111,103,BlueprintGeneratedClass /Game/PrimalEarth/Dinos/Dodo/ZombieDodo_Character_BP.ZombieDodo_Character_BP_C
MegaWyvern_Character_BP_Fire_C,125,117,BlueprintGeneratedClass /Game/ScorchedEarth/Dinos/Wyvern/MegaWyvern_Character_BP_Fire.MegaWyvern_Character_BP_Fire_C
MegaDeathworm_Character_BP_C,124,116,BlueprintGeneratedClass /Game/ScorchedEarth/Dinos/Deathworm/MegaDeathworm_Character_BP.MegaDeathworm_Character_BP_C
Deathworm_Character_BP_C,116,108,BlueprintGeneratedClass /Game/ScorchedEarth/Dinos/DeathWorm/DeathWorm_Character_BP.DeathWorm_Character_BP_C
DodoWyvern_Character_BP_C,119,111,BlueprintGeneratedClass /Game/ScorchedEarth/Dinos/DodoWyvern/DodoWyvern_Character_BP.DodoWyvern_Character_BP_C
Jerboa_Character_BP_C,107,99,BlueprintGeneratedClass /Game/ScorchedEarth/Dinos/Jerboa/Jerboa_Character_BP.Jerboa_Character_BP_C
Bone_Jerboa_Character_BP_C,117,109,BlueprintGeneratedClass /Game/ScorchedEarth/Dinos/Jerboa/Bone_Jerboa_Character_BP.Bone_Jerboa_Character_BP_C
Jugbug_Character_BaseBP_C,115,107,BlueprintGeneratedClass /Game/ScorchedEarth/Dinos/Jugbug/JugBug_Character_BaseBP.JugBug_Character_BaseBP_C
Jugbug_Oil_Character_BP_C,115,107,BlueprintGeneratedClass /Game/ScorchedEarth/Dinos/Jugbug/Jugbug_Oil_Character_BP.Jugbug_Oil_Character_BP_C
Jugbug_Water_Character_BP_C,119,111,BlueprintGeneratedClass /Game/ScorchedEarth/Dinos/Jugbug/Jugbug_Water_Character_BP.Jugbug_Water_Character_BP_C
Moth_Character_BP_C,101,93,BlueprintGeneratedClass /Game/ScorchedEarth/Dinos/Moth/Moth_Character_BP.Moth_Character_BP_C
Manticore_Character_BP_Easy_C,126,118,BlueprintGeneratedClass /Game/ScorchedEarth/Dinos/Manticore/Manticore_Character_BP_Easy.Manticore_Character_BP_Easy_C
Manticore_Character_BP_Medium_C,130,122,BlueprintGeneratedClass /Game/ScorchedEarth/Dinos/Manticore/Manticore_Character_BP_Medium.Manticore_Character_BP_Medium_C
Manticore_Character_BP_Hard_C,126,118,BlueprintGeneratedClass /Game/ScorchedEarth/Dinos/Manticore/Manticore_Character_BP_Hard.Manticore_Character_BP_Hard_C
Mantis_Character_BP_C,107,99,BlueprintGeneratedClass /Game/ScorchedEarth/Dinos/Mantis/Mantis_Character_BP.Mantis_Character_BP_C
Ghost_Mantis_Character_BP_C,119,111,BlueprintGeneratedClass /Game/ScorchedEarth/Dinos/Mantis/Ghost_Mantis_Character_BP.Ghost_Mantis_Character_BP_C
camelsaurus_Character_BP_C,122,114,BlueprintGeneratedClass /Game/ScorchedEarth/Dinos/Camelsaurus/camelsaurus_Character_BP.camelsaurus_Character_BP_C
RockGolem_Character_BP_C,116,108,BlueprintGeneratedClass /Game/ScorchedEarth/Dinos/RockGolem/RockGolem_Character_BP.RockGolem_Character_BP_C
RubbleGolem_Character_BP_C,120,112,BlueprintGeneratedClass /Game/ScorchedEarth/Dinos/RockGolem/RubbleGolem_Character_BP.RubbleGolem_Character_BP_C
SpineyLizard_Character_BP_C,125,117,BlueprintGeneratedClass /Game/ScorchedEarth/Dinos/SpineyLizard/SpineyLizard_Character_BP.SpineyLizard_Character_BP_C
Vulture_Character_BP_C,110,102,BlueprintGeneratedClass /Game/ScorchedEarth/Dinos/Vulture/Vulture_Character_BP.Vulture_Character_BP_C
Wyvern_Character_BP_Base_C,117,109,BlueprintGeneratedClass /Game/ScorchedEarth/Dinos/Wyvern/Wyvern_Character_BP_Base.Wyvern_Character_BP_Base_C
Phoenix_Character_BP_C,110,102,BlueprintGeneratedClass /Game/ScorchedEarth/Dinos/Phoenix/Phoenix_Character_BP.Phoenix_Character_BP_C
Wyvern_Character_BP_Fire_C,117,109,BlueprintGeneratedClass /Game/ScorchedEarth/Dinos/Wyvern/Wyvern_Character_BP_Fire.Wyvern_Character_BP_Fire_C
Wyvern_Character_BP_Lightning_C,127,119,BlueprintGeneratedClass /Game/ScorchedEarth/Dinos/Wyvern/Wyvern_Character_BP_Lightning.Wyvern_Character_BP_Lightning_C
Wyvern_Character_BP_Poison_C,121,113,BlueprintGeneratedClass /Game/ScorchedEarth/Dinos/Wyvern/Wyvern_Character_BP_Poison.Wyvern_Character_BP_Poison_C
Bone_MegaWyvern_Character_BP_Fire_C,135,127,BlueprintGeneratedClass /Game/ScorchedEarth/Dinos/Wyvern/Bone_MegaWyvern_Character_BP_Fire.Bone_MegaWyvern_Character_BP_Fire_C
Wyvern_Character_BP_ZombieFire_C,129,121,BlueprintGeneratedClass /Game/ScorchedEarth/Dinos/Wyvern/Wyvern_Character_BP_ZombieFire.Wyvern_Character_BP_ZombieFire_C
Wyvern_Character_BP_ZombieLightning_C,139,131,BlueprintGeneratedClass /Game/ScorchedEarth/Dinos/Wyvern/Wyvern_Character_BP_ZombieLightning.Wyvern_Character_BP_ZombieLightning_C
Wyvern_Character_BP_ZombiePoison_C,133,125,BlueprintGeneratedClass /Game/ScorchedEarth/Dinos/Wyvern/Wyvern_Character_BP_ZombiePoison.Wyvern_Character_BP_ZombiePoison_C
Griffin_Character_BP_C,108,100,BlueprintGeneratedClass /Game/PrimalEarth/Dinos/Griffin/Griffin_Character_BP.Griffin_Character_BP_C
Ragnarok_Wyvern_Override_Ice_C,150,142,BlueprintGeneratedClass /Game/Mods/Ragnarok/Custom_Assets/Dinos/Wyvern/Ice_Wyvern/Ragnarok_Wyvern_Override_Ice.Ragnarok_Wyvern_Override_Ice_C
Achatina_Character_BP_Aberrant_C,129,121,BlueprintGeneratedClass /Game/PrimalEarth/Dinos/Achatina/Achatina_Character_BP_Aberrant.Achatina_Character_BP_Aberrant_C
Angler_Character_BP_Aberrant_C,127,119,BlueprintGeneratedClass /Game/PrimalEarth/Dinos/Anglerfish/Angler_Character_BP_Aberrant.Angler_Character_BP_Aberrant_C
Ankylo_Character_BP_Aberrant_C,123,115,BlueprintGeneratedClass /Game/PrimalEarth/Dinos/Ankylo/Ankylo_Character_BP_Aberrant.Ankylo_Character_BP_Aberrant_C
SpiderS_Character_BP_Aberrant_C,131,123,BlueprintGeneratedClass /Game/PrimalEarth/Dinos/Spider-Small/SpiderS_Character_BP_Aberrant.SpiderS_Character_BP_Aberrant_C
Arthro_Character_BP_Aberrant_C,129,121,BlueprintGeneratedClass /Game/PrimalEarth/Dinos/Arthropluera/Arthro_Character_BP_Aberrant.Arthro_Character_BP_Aberrant_C
Baryonyx_Character_BP_Aberrant_C,129,121,BlueprintGeneratedClass /Game/PrimalEarth/Dinos/Baryonyx/Baryonyx_Character_BP_Aberrant.Baryonyx_Character_BP_Aberrant_C
Toad_Character_BP_Aberrant_C,117,109,BlueprintGeneratedClass /Game/PrimalEarth/Dinos/Toad/Toad_Character_BP_Aberrant.Toad_Character_BP_Aberrant_C
Turtle_Character_BP_Aberrant_C,123,115,BlueprintGeneratedClass /Game/PrimalEarth/Dinos/Turtle/Turtle_Character_BP_Aberrant.Turtle_Character_BP_Aberrant_C
Carno_Character_BP_Aberrant_C,120,112,BlueprintGeneratedClass /Game/PrimalEarth/Dinos/Carno/Carno_Character_BP_Aberrant.Carno_Character_BP_Aberrant_C
Cnidaria_Character_BP_Aberrant_C,129,121,BlueprintGeneratedClass /Game/PrimalEarth/Dinos/Cnidaria/Cnidaria_Character_BP_Aberrant.Cnidaria_Character_BP_Aberrant_C
Coel_Character_BP_Aberrant_C,123,115,BlueprintGeneratedClass /Game/PrimalEarth/Dinos/Coelacanth/Coel_Character_BP_Aberrant.Coel_Character_BP_Aberrant_C
Dimetro_Character_BP_Aberrant_C,129,121,BlueprintGeneratedClass /Game/PrimalEarth/Dinos/Dimetrodon/Dimetro_Character_BP_Aberrant.Dimetro_Character_BP_Aberrant_C
Dimorph_Character_BP_Aberrant_C,130,122,BlueprintGeneratedClass /Game/PrimalEarth/Dinos/Dimorphodon/Dimorph_Character_BP_Aberrant.Dimorph_Character_BP_Aberrant_C
Diplocaulus_Character_BP_Aberrant_C,138,130,BlueprintGeneratedClass /Game/PrimalEarth/Dinos/Diplocaulus/Diplocaulus_Character_BP_Aberrant.Diplocaulus_Character_BP_Aberrant_C
Diplodocus_Character_BP_Aberrant_C,135,127,BlueprintGeneratedClass /Game/PrimalEarth/Dinos/Diplodocus/Diplodocus_Character_BP_Aberrant.Diplodocus_Character_BP_Aberrant_C
Direbear_Character_BP_Aberrant_C,129,121,BlueprintGeneratedClass /Game/PrimalEarth/Dinos/Direbear/Direbear_Character_BP_Aberrant.Direbear_Character_BP_Aberrant_C
Dodo_Character_BP_Aberrant_C,117,109,BlueprintGeneratedClass /Game/PrimalEarth/Dinos/Dodo/Dodo_Character_BP_Aberrant.Dodo_Character_BP_Aberrant_C
Doed_Character_BP_Aberrant_C,123,115,BlueprintGeneratedClass /Game/PrimalEarth/Dinos/Doedicurus/Doed_Character_BP_Aberrant.Doed_Character_BP_Aberrant_C
DungBeetle_Character_BP_Aberrant_C,135,127,BlueprintGeneratedClass /Game/PrimalEarth/Dinos/DungBeetle/DungBeetle_Character_BP_Aberrant.DungBeetle_Character_BP_Aberrant_C
Eel_Character_BP_Aberrant_C,114,106,BlueprintGeneratedClass /Game/PrimalEarth/Dinos/Eel/Eel_Character_BP_Aberrant.Eel_Character_BP_Aberrant_C
Equus_Character_BP_Aberrant_C,120,112,BlueprintGeneratedClass /Game/PrimalEarth/Dinos/Equus/Equus_Character_BP_Aberrant.Equus_Character_BP_Aberrant_C
Bigfoot_Character_BP_Aberrant_C,126,118,BlueprintGeneratedClass /Game/PrimalEarth/Dinos/Bigfoot/Bigfoot_Character_BP_Aberrant.Bigfoot_Character_BP_Aberrant_C
Iguanodon_Character_BP_Aberrant_C,132,124,BlueprintGeneratedClass /Game/PrimalEarth/Dinos/Iguanodon/Iguanodon_Character_BP_Aberrant.Iguanodon_Character_BP_Aberrant_C
Lystro_Character_BP_Aberrant_C,129,121,BlueprintGeneratedClass /Game/PrimalEarth/Dinos/Lystrosaurus/Lystro_Character_BP_Aberrant.Lystro_Character_BP_Aberrant_C
Manta_Character_BP_Aberrant_C,120,112,BlueprintGeneratedClass /Game/PrimalEarth/Dinos/Manta/Manta_Character_BP_Aberrant.Manta_Character_BP_Aberrant_C
Megalania_Character_BP_Aberrant_C,132,124,BlueprintGeneratedClass /Game/PrimalEarth/Dinos/Megalania/Megalania_Character_BP_Aberrant.Megalania_Character_BP_Aberrant_C
Megalosaurus_Character_BP_Aberrant_C,141,133,BlueprintGeneratedClass /Game/PrimalEarth/Dinos/Megalosaurus/Megalosaurus_Character_BP_Aberrant.Megalosaurus_Character_BP_Aberrant_C
Dragonfly_Character_BP_Aberrant_C,132,124,BlueprintGeneratedClass /Game/PrimalEarth/Dinos/Dragonfly/Dragonfly_Character_BP_Aberrant.Dragonfly_Character_BP_Aberrant_C
Moschops_Character_BP_Aberrant_C,129,121,BlueprintGeneratedClass /Game/PrimalEarth/Dinos/Moschops/Moschops_Character_BP_Aberrant.Moschops_Character_BP_Aberrant_C
Otter_Character_BP_Aberrant_C,120,112,BlueprintGeneratedClass /Game/PrimalEarth/Dinos/Otter/Otter_Character_BP_Aberrant.Otter_Character_BP_Aberrant_C
Sheep_Character_BP_Aberrant_C,120,112,BlueprintGeneratedClass /Game/PrimalEarth/Dinos/Sheep/Sheep_Character_BP_Aberrant.Sheep_Character_BP_Aberrant_C
Paracer_Character_BP_Aberrant_C,134,126,BlueprintGeneratedClass /Game/PrimalEarth/Dinos/Paraceratherium/Paracer_Character_BP_Aberrant.Paracer_Character_BP_Aberrant_C
Para_Character_BP_Aberrant_C,117,109,BlueprintGeneratedClass /Game/PrimalEarth/Dinos/Para/Para_Character_BP_Aberrant.Para_Character_BP_Aberrant_C
Piranha_Character_BP_Aberrant_C,126,118,BlueprintGeneratedClass /Game/PrimalEarth/Dinos/Piranha/Piranha_Character_BP_Aberrant.Piranha_Character_BP_Aberrant_C
Scorpion_Character_BP_Aberrant_C,129,121,BlueprintGeneratedClass /Game/PrimalEarth/Dinos/Scorpion/Scorpion_Character_BP_Aberrant.Scorpion_Character_BP_Aberrant_C
Purlovia_Character_BP_Aberrant_C,129,121,BlueprintGeneratedClass /Game/PrimalEarth/Dinos/Purlovia/Purlovia_Character_BP_Aberrant.Purlovia_Character_BP_Aberrant_C
Raptor_Character_BP_Aberrant_C,123,115,BlueprintGeneratedClass /Game/PrimalEarth/Dinos/Raptor/Raptor_Character_BP_Aberrant.Raptor_Character_BP_Aberrant_C
Salmon_Character_Aberrant_C,117,109,BlueprintGeneratedClass /Game/PrimalEarth/Dinos/Salmon/Salmon_Character_Aberrant.Salmon_Character_Aberrant_C
Sarco_Character_BP_Aberrant_C,120,112,BlueprintGeneratedClass /Game/PrimalEarth/Dinos/Sarco/Sarco_Character_BP_Aberrant.Sarco_Character_BP_Aberrant_C
Spino_Character_BP_Aberrant_C,120,112,BlueprintGeneratedClass /Game/PrimalEarth/Dinos/Spino/Spino_Character_BP_Aberrant.Spino_Character_BP_Aberrant_C
Stego_Character_BP_Aberrant_C,120,112,BlueprintGeneratedClass /Game/PrimalEarth/Dinos/Stego/Stego_Character_BP_Aberrant.Stego_Character_BP_Aberrant_C
BoaFrill_Character_BP_Aberrant_C,129,121,BlueprintGeneratedClass /Game/PrimalEarth/Dinos/BoaFrill/BoaFrill_Character_BP_Aberrant.BoaFrill_Character_BP_Aberrant_C
Trike_Character_BP_Aberrant_C,120,112,BlueprintGeneratedClass /Game/PrimalEarth/Dinos/Trike/Trike_Character_BP_Aberrant.Trike_Character_BP_Aberrant_C
Trilobite_Character_Aberrant_C,126,118,BlueprintGeneratedClass /Game/PrimalEarth/Dinos/Trilobite/Trilobite_Character_Aberrant.Trilobite_Character_Aberrant_C
MegaBasilisk_Character_BP_C,118,110,BlueprintGeneratedClass /Game/Aberration/Dinos/Basilisk/MegaBasilisk_Character_BP.MegaBasilisk_Character_BP_C
MegaCrab_Character_BP_C,106,98,BlueprintGeneratedClass /Game/Aberration/Dinos/Crab/MegaCrab_Character_BP.MegaCrab_Character_BP_C
MegaXenomorph_Character_BP_Male_Surface_C,146,138,BlueprintGeneratedClass /Game/Aberration/Dinos/Nameless/MegaXenomorph_Character_BP_Male_Surface.MegaXenomorph_Character_BP_Male_Surface_C
Basilisk_Character_BP_C,110,102,BlueprintGeneratedClass /Game/Aberration/Dinos/Basilisk/Basilisk_Character_BP.Basilisk_Character_BP_C
Ghost_Basilisk_Character_BP_C,122,114,BlueprintGeneratedClass /Game/Aberration/Dinos/Basilisk/Ghost_Basilisk_Character_BP.Ghost_Basilisk_Character_BP_C
LanternPug_Character_BP_C,116,108,BlueprintGeneratedClass /Game/Aberration/Dinos/LanternPug/LanternPug_Character_BP.LanternPug_Character_BP_C
Ghost_LanternPug_Character_BP_C,128,120,BlueprintGeneratedClass /Game/Aberration/Dinos/LanternPug/Ghost_LanternPug_Character_BP.Ghost_LanternPug_Character_BP_C
LanternBird_Character_BP_C,119,111,BlueprintGeneratedClass /Game/Aberration/Dinos/LanternBird/LanternBird_Character_BP.LanternBird_Character_BP_C
Lightbug_Character_BaseBP_C,118,110,BlueprintGeneratedClass /Game/Aberration/Dinos/Lightbug/Lightbug_Character_BaseBP.Lightbug_Character_BaseBP_C
LanternLizard_Character_BP_C,125,117,BlueprintGeneratedClass /Game/Aberration/Dinos/LanternLizard/LanternLizard_Character_BP.LanternLizard_Character_BP_C
Crab_Character_BP_C,98,90,BlueprintGeneratedClass /Game/Aberration/Dinos/Crab/Crab_Character_BP.Crab_Character_BP_C
Lamprey_Character_C,101,93,BlueprintGeneratedClass /Game/Aberration/Dinos/Lamprey/Lamprey_Character.Lamprey_Character_C
ChupaCabra_Character_BP_C,116,108,BlueprintGeneratedClass /Game/Aberration/Dinos/ChupaCabra/ChupaCabra_Character_BP.ChupaCabra_Character_BP_C
CaveWolf_Character_BP_C,110,102,BlueprintGeneratedClass /Game/Aberration/Dinos/CaveWolf/CaveWolf_Character_BP.CaveWolf_Character_BP_C
Xenomorph_Character_BP_Male_C,122,114,BlueprintGeneratedClass /Game/Aberration/Dinos/Nameless/Xenomorph_Character_BP_Male.Xenomorph_Character_BP_Male_C
Xenomorph_Character_BP_Male_Tamed_C,134,126,BlueprintGeneratedClass /Game/Aberration/Dinos/Nameless/Xenomorph_Character_BP_Male_Tamed.Xenomorph_Character_BP_Male_Tamed_C
Xenomorph_Character_BP_Female_C,126,118,BlueprintGeneratedClass /Game/Aberration/Dinos/Nameless/Xenomorph_Character_BP_Female.Xenomorph_Character_BP_Female_C
RockDrake_Character_BP_C,113,105,BlueprintGeneratedClass /Game/Aberration/Dinos/RockDrake/RockDrake_Character_BP.RockDrake_Character_BP_C
Rockwell_Character_BP_C,109,101,BlueprintGeneratedClass /Game/Aberration/Boss/Rockwell/Rockwell_Character_BP.Rockwell_Character_BP_C
Rockwell_Character_BP_Hard_C,119,111,BlueprintGeneratedClass /Game/Aberration/Boss/Rockwell/Rockwell_Character_BP_Hard.Rockwell_Character_BP_Hard_C
Rockwell_Character_BP_Medium_C,123,115,BlueprintGeneratedClass /Game/Aberration/Boss/Rockwell/Rockwell_Character_BP_Medium.Rockwell_Character_BP_Medium_C
Rockwell_Character_BP_Easy_C,119,111,BlueprintGeneratedClass /Game/Aberration/Boss/Rockwell/Rockwell_Character_BP_Easy.Rockwell_Character_BP_Easy_C
RockwellTentacle_Character_BP_C,133,125,BlueprintGeneratedClass /Game/Aberration/Boss/RockwellTentacle/RockwellTentacle_Character_BP.RockwellTentacle_Character_BP_C
RockwellTentacle_Character_BP_Alpha_C,145,137,BlueprintGeneratedClass /Game/Aberration/Boss/RockwellTentacle/RockwellTentacle_Character_BP_Alpha.RockwellTentacle_Character_BP_Alpha_C
RockwellTentacle_Character_BP_Beta_C,143,135,BlueprintGeneratedClass /Game/Aberration/Boss/RockwellTentacle/RockwellTentacle_Character_BP_Beta.RockwellTentacle_Character_BP_Beta_C
RockwellTentacle_Character_BP_Gamma_C,145,137,BlueprintGeneratedClass /Game/Aberration/Boss/RockwellTentacle/RockwellTentacle_Character_BP_Gamma.RockwellTentacle_Character_BP_Gamma_C
MoleRat_Character_BP_C,107,99,BlueprintGeneratedClass /Game/Aberration/Dinos/MoleRat/MoleRat_Character_BP.MoleRat_Character_BP_C
Pteroteuthis_Char_BP_C,112,104,BlueprintGeneratedClass /Game/Aberration/Dinos/Pteroteuthis/Pteroteuthis_Char_BP.Pteroteuthis_Char_BP_C
LanternGoat_Character_BP_C,119,111,BlueprintGeneratedClass /Game/Aberration/Dinos/LanternGoat/LanternGoat_Character_BP.LanternGoat_Character_BP_C
Ghost_Xenomorph_Character_BP_Male_Surface_C,150,142,BlueprintGeneratedClass /Game/Aberration/Dinos/Nameless/Ghost_Xenomorph_Character_BP_Male_Surface.Ghost_Xenomorph_Character_BP_Male_Surface_C
KingKaiju_Character_BP_Alpha_C,125,117,BlueprintGeneratedClass /Game/Extinction/Dinos/KingKaiju/KingKaiju_Character_BP_Alpha.KingKaiju_Character_BP_Alpha_C
KingKaiju_Character_BP_Beta_C,123,115,BlueprintGeneratedClass /Game/Extinction/Dinos/KingKaiju/KingKaiju_Character_BP_Beta.KingKaiju_Character_BP_Beta_C
Arthro_Character_BP_Corrupt_C,134,126,BlueprintGeneratedClass /Game/Extinction/Dinos/Corrupt/Arthropluera/Arthro_Character_BP_Corrupt.Arthro_Character_BP_Corrupt_C
Carno_Character_BP_Corrupt_C,125,117,BlueprintGeneratedClass /Game/Extinction/Dinos/Corrupt/Carno/Carno_Character_BP_Corrupt.Carno_Character_BP_Corrupt_C
Chalico_Character_BP_Corrupt_C,138,130,BlueprintGeneratedClass /Game/Extinction/Dinos/Corrupt/Chalicotherium/Chalico_Character_BP_Corrupt.Chalico_Character_BP_Corrupt_C
Dilo_Character_BP_Corrupt_C,122,114,BlueprintGeneratedClass /Game/Extinction/Dinos/Corrupt/Dilo/Dilo_Character_BP_Corrupt.Dilo_Character_BP_Corrupt_C
Dimorph_Character_BP_Corrupt_C,135,127,BlueprintGeneratedClass /Game/Extinction/Dinos/Corrupt/Dimorphodon/Dimorph_Character_BP_Corrupt.Dimorph_Character_BP_Corrupt_C
Gigant_Character_BP_Corrupt_C,136,128,BlueprintGeneratedClass /Game/Extinction/Dinos/Corrupt/Giganotosaurus/Gigant_Character_BP_Corrupt.Gigant_Character_BP_Corrupt_C
Paracer_Character_BP_Corrupt_C,139,131,BlueprintGeneratedClass /Game/Extinction/Dinos/Corrupt/Paraceratherium/Paracer_Character_BP_Corrupt.Paracer_Character_BP_Corrupt_C
Ptero_Character_BP_Corrupt_C,125,117,BlueprintGeneratedClass /Game/Extinction/Dinos/Corrupt/Ptero/Ptero_Character_BP_Corrupt.Ptero_Character_BP_Corrupt_C
Raptor_Character_BP_Corrupt_C,128,120,BlueprintGeneratedClass /Game/Extinction/Dinos/Corrupt/Raptor/Raptor_Character_BP_Corrupt.Raptor_Character_BP_Corrupt_C
Xenomorph_Character_BP_Male_Tamed_Corrupt_C,158,150,BlueprintGeneratedClass /Game/Extinction/Dinos/Corrupt/Nameless/Xenomorph_Character_BP_Male_Tamed_Corrupt.Xenomorph_Character_BP_Male_Tamed_Corrupt_C
Rex_Character_BP_Corrupt_C,119,111,BlueprintGeneratedClass /Game/Extinction/Dinos/Corrupt/Rex/Rex_Character_BP_Corrupt.Rex_Character_BP_Corrupt_C
RockDrake_Character_BP_Corrupt_C,137,129,BlueprintGeneratedClass /Game/Extinction/Dinos/Corrupt/RockDrake/RockDrake_Character_BP_Corrupt.RockDrake_Character_BP_Corrupt_C
Spino_Character_BP_Corrupt_C,125,117,BlueprintGeneratedClass /Game/Extinction/Dinos/Corrupt/Spino/Spino_Character_BP_Corrupt.Spino_Character_BP_Corrupt_C
Stego_Character_BP_Corrupt_C,125,117,BlueprintGeneratedClass /Game/Extinction/Dinos/Corrupt/Stego/Stego_Character_BP_Corrupt.Stego_Character_BP_Corrupt_C
Trike_Character_BP_Corrupt_C,125,117,BlueprintGeneratedClass /Game/Extinction/Dinos/Corrupt/Trike/Trike_Character_BP_Corrupt.Trike_Character_BP_Corrupt_C
Wyvern_Character_BP_Fire_Corrupt_C,138,130,BlueprintGeneratedClass /Game/Extinction/Dinos/Corrupt/Wyvern/Wyvern_Character_BP_Fire_Corrupt.Wyvern_Character_BP_Fire_Corrupt_C
Defender_Character_BP_C,106,98,BlueprintGeneratedClass /Game/Extinction/Dinos/Tank/Defender_Character_BP.Defender_Character_BP_C
DesertKaiju_Character_BP_C,119,111,BlueprintGeneratedClass /Game/Extinction/Dinos/DesertKaiju/DesertKaiju_Character_BP.DesertKaiju_Character_BP_C
DesertKaiju_FirstFlockChar_BP_C,129,121,BlueprintGeneratedClass /Game/Extinction/Dinos/DesertKaiju/DesertKaiju_FirstFlockChar_BP.DesertKaiju_FirstFlockChar_BP_C
Enforcer_Character_BP_C,110,102,BlueprintGeneratedClass /Game/Extinction/Dinos/Enforcer/Enforcer_Character_BP.Enforcer_Character_BP_C
MegaRex_Character_BP_Corrupt_C,127,119,BlueprintGeneratedClass /Game/Extinction/Dinos/Corrupt/Rex/MegaRex_Character_BP_Corrupt.MegaRex_Character_BP_Corrupt_C
MegaTrike_Character_BP_Corrupt_C,133,125,BlueprintGeneratedClass /Game/Extinction/Dinos/Corrupt/Trike/MegaTrike_Character_BP_Corrupt.MegaTrike_Character_BP_Corrupt_C
ForestKaiju_Character_BP_C,119,111,BlueprintGeneratedClass /Game/Extinction/Dinos/ForestKaiju/ForestKaiju_Character_BP.ForestKaiju_Character_BP_C
Wyvern_Character_BP_Fire_Minion_C,140,132,BlueprintGeneratedClass /Game/Extinction/Dinos/ForestKaiju/Minion/Wyvern_Character_BP_Fire_Minion.Wyvern_Character_BP_Fire_Minion_C
Gacha_Character_BP_C,101,93,BlueprintGeneratedClass /Game/Extinction/Dinos/Gacha/Gacha_Character_BP.Gacha_Character_BP_C
Gacha_Claus_Character_BP_C,113,105,BlueprintGeneratedClass /Game/Extinction/Dinos/Gacha/Gacha_Claus_Character_BP.Gacha_Claus_Character_BP_C
KingKaiju_Character_BP_C,113,105,BlueprintGeneratedClass /Game/Extinction/Dinos/KingKaiju/KingKaiju_Character_BP.KingKaiju_Character_BP_C
GasBags_Character_BP_C,106,98,BlueprintGeneratedClass /Game/Extinction/Dinos/GasBag/GasBags_Character_BP.GasBags_Character_BP_C
IceKaiju_Character_BP_C,110,102,BlueprintGeneratedClass /Game/Extinction/Dinos/IceKaiju/IceKaiju_Character_BP.IceKaiju_Character_BP_C
IceJumper_Character_BP_C,113,105,BlueprintGeneratedClass /Game/Extinction/Dinos/IceJumper/IceJumper_Character_BP.IceJumper_Character_BP_C
MegaMek_Character_BP_C,103,95,BlueprintGeneratedClass /Game/Extinction/Dinos/Mek/MegaMek_Character_BP.MegaMek_Character_BP_C
Mek_Character_BP_C,95,87,BlueprintGeneratedClass /Game/Extinction/Dinos/Mek/Mek_Character_BP.Mek_Character_BP_C
Scout_Character_BP_C,101,93,BlueprintGeneratedClass /Game/Extinction/Dinos/Scout/Scout_Character_BP.Scout_Character_BP_C
Owl_Character_BP_C,95,87,BlueprintGeneratedClass /Game/Extinction/Dinos/Owl/Owl_Character_BP.Owl_Character_BP_C
Ghost_Owl_Character_BP_C,107,99,BlueprintGeneratedClass /Game/Extinction/Dinos/Owl/Ghost_Owl_Character_BP.Ghost_Owl_Character_BP_C
Spindles_Character_BP_C,110,102,BlueprintGeneratedClass /Game/Extinction/Dinos/Spindles/Spindles_Character_BP.Spindles_Character_BP_C
ChalkGolem_Character_BP_C,136,128,BlueprintGeneratedClass /Game/Mods/Valguero/Assets/Dinos/RockGolem/ChalkGolem/ChalkGolem_Character_BP.ChalkGolem_Character_BP_C
Deinonychus_Character_BP_C,126,118,BlueprintGeneratedClass /Game/PrimalEarth/Dinos/Raptor/Uberraptor/Deinonychus_Character_BP.Deinonychus_Character_BP_C
IceGolem_Character_BP_C,111,103,BlueprintGeneratedClass /Game/PrimalEarth/Dinos/IceGolem/IceGolem_Character_BP.IceGolem_Character_BP_C
VRMainBoss_Character_Hard_C,117,109,BlueprintGeneratedClass /Game/Genesis/Dinos/VRMainBoss/VRMainBoss_Character_Hard.VRMainBoss_Character_Hard_C
EelBoss_Character_BP_Hard_C,114,106,BlueprintGeneratedClass /Game/Genesis/Dinos/EelBoss/EelBoss_Character_BP_Hard.EelBoss_Character_BP_Hard_C
Volcano_Trike_Character_BP_Retrieve_Alpha_C,172,164,BlueprintGeneratedClass /Game/Genesis/Dinos/MissionVariants/Retrieve/Volcanic/Volcano_Trike_Character_BP_Retrieve_Alpha.Volcano_Trike_Character_BP_Retrieve_Alpha_C
SpaceWhale_Character_BP_C,113,105,BlueprintGeneratedClass /Game/Genesis/Dinos/SpaceWhale/SpaceWhale_Character_BP.SpaceWhale_Character_BP_C
VRMainBoss_Character_Medium_C,121,113,BlueprintGeneratedClass /Game/Genesis/Dinos/VRMainBoss/VRMainBoss_Character_Medium.VRMainBoss_Character_Medium_C
EelBoss_Character_BP_Medium_C,118,110,BlueprintGeneratedClass /Game/Genesis/Dinos/EelBoss/EelBoss_Character_BP_Medium.EelBoss_Character_BP_Medium_C
BogSpider_Character_BP_C,110,102,BlueprintGeneratedClass /Game/Genesis/Dinos/BogSpider/BogSpider_Character_BP.BogSpider_Character_BP_C
SpiderS_Character_BP_Hunt_C,131,123,BlueprintGeneratedClass /Game/Genesis/Dinos/MissionVariants/Hunt/Bog/SpiderS_Character_BP_Hunt.SpiderS_Character_BP_Hunt_C
SpaceWhale_Character_BP_Brute_C,141,133,BlueprintGeneratedClass /Game/Genesis/Dinos/MissionVariants/Hunt/Lunar/SpaceWhale_Character_BP_Brute.SpaceWhale_Character_BP_Brute_C
Basilosaurus_Character_BP_Hunt_C,143,135,BlueprintGeneratedClass /Game/Genesis/Dinos/MissionVariants/Hunt/Ocean/Basilosaurus_Character_BP_Hunt.Basilosaurus_Character_BP_Hunt_C
BogSpider_Character_BP_Hunt_C,135,127,BlueprintGeneratedClass /Game/Genesis/Dinos/MissionVariants/Hunt/Bog/BogSpider_Character_BP_Hunt.BogSpider_Character_BP_Hunt_C
Shapeshifter_Large_Character_BP_Hunt_C,156,148,BlueprintGeneratedClass /Game/Genesis/Dinos/MissionVariants/Hunt/Arctic/Shapeshifter_Large_Character_BP_Hunt.Shapeshifter_Large_Character_BP_Hunt_C
Wyvern_Character_BP_Fire_GauntletBoss_C,164,156,BlueprintGeneratedClass /Game/Genesis/Dinos/MissionVariants/Gauntlet/Volcanic/Wyvern_Character_BP_Fire_GauntletBoss.Wyvern_Character_BP_Fire_GauntletBoss_C
Leedsichthys_Character_BP_Hunt_C,143,135,BlueprintGeneratedClass /Game/Genesis/Dinos/MissionVariants/Hunt/Ocean/Leedsichthys_Character_BP_Hunt.Leedsichthys_Character_BP_Hunt_C
Cherufe_Character_BP_Hunt_C,136,128,BlueprintGeneratedClass /Game/Genesis/Dinos/MissionVariants/Hunt/Volcanic/Cherufe_Character_BP_Hunt.Cherufe_Character_BP_Hunt_C
BionicGigant_Character_BP_Malfunctioned_Hunt_C,171,163,BlueprintGeneratedClass /Game/Genesis/Dinos/MissionVariants/Hunt/Lunar/BionicGigant_Character_BP_Malfunctioned_Hunt.BionicGigant_Character_BP_Malfunctioned_Hunt_C
BionicRex_Character_BP_Malfunctioned_Hunt_C,165,157,BlueprintGeneratedClass /Game/Genesis/Dinos/MissionVariants/Hunt/Lunar/BionicRex_Character_BP_Malfunctioned_Hunt.BionicRex_Character_BP_Malfunctioned_Hunt_C
Mammoth_Character_BP_Hunt_C,134,126,BlueprintGeneratedClass /Game/Genesis/Dinos/MissionVariants/Hunt/Arctic/Mammoth_Character_BP_Hunt.Mammoth_Character_BP_Hunt_C
Stag_Character_BP_Hunt_C,128,120,BlueprintGeneratedClass /Game/Genesis/Dinos/MissionVariants/Hunt/Arctic/Stag_Character_BP_Hunt.Stag_Character_BP_Hunt_C
Plesiosaur_Character_BP_Hunt_C,139,131,BlueprintGeneratedClass /Game/Genesis/Dinos/MissionVariants/Hunt/Ocean/Plesiosaur_Character_BP_Hunt.Plesiosaur_Character_BP_Hunt_C
Xenomorph_Character_BP_Male_InitialBuryOnly_Hunt_C,179,171,BlueprintGeneratedClass /Game/Genesis/Dinos/MissionVariants/Hunt/Lunar/Xenomorph_Character_BP_Male_InitialBuryOnly_Hunt.Xenomorph_Character_BP_Male_InitialBuryOnly_Hunt_C
Sarco_Character_BP_Hunt_C,127,119,BlueprintGeneratedClass /Game/Genesis/Dinos/MissionVariants/Hunt/Bog/Sarco_Character_BP_Hunt.Sarco_Character_BP_Hunt_C
Pteroteuthis_Char_BP_HuntFollower_C,149,141,BlueprintGeneratedClass /Game/Genesis/Dinos/MissionVariants/Hunt/Lunar/Pteroteuthis_Char_BP_HuntFollower.Pteroteuthis_Char_BP_HuntFollower_C
Tusoteuthis_Character_BP_Hunt_C,141,133,BlueprintGeneratedClass /Game/Genesis/Dinos/MissionVariants/Hunt/Ocean/Tusoteuthis_Character_BP_Hunt.Tusoteuthis_Character_BP_Hunt_C
Volcano_Allo_Character_BP_Hunt_C,146,138,BlueprintGeneratedClass /Game/Genesis/Dinos/MissionVariants/Hunt/Volcanic/Volcano_Allo_Character_BP_Hunt.Volcano_Allo_Character_BP_Hunt_C
Ocean_Megalodon_Character_BP_Hunt_C,149,141,BlueprintGeneratedClass /Game/Genesis/Dinos/MissionVariants/Hunt/Ocean/Ocean_Megalodon_Character_BP_Hunt.Ocean_Megalodon_Character_BP_Hunt_C
Ocean_Mosa_Character_BP_Hunt_C,139,131,BlueprintGeneratedClass /Game/Genesis/Dinos/MissionVariants/Hunt/Ocean/Ocean_Mosa_Character_BP_Hunt.Ocean_Mosa_Character_BP_Hunt_C
Bog_Raptor_Character_BP_Hunt_C,137,129,BlueprintGeneratedClass /Game/Genesis/Dinos/MissionVariants/Hunt/Bog/Bog_Raptor_Character_BP_Hunt.Bog_Raptor_Character_BP_Hunt_C
Volcano_Rex_Character_BP_Hunt_C,144,136,BlueprintGeneratedClass /Game/Genesis/Dinos/MissionVariants/Hunt/Volcanic/Volcano_Rex_Character_BP_Hunt.Volcano_Rex_Character_BP_Hunt_C
Volcano_Golem_Character_BP_Hunt_C,148,140,BlueprintGeneratedClass /Game/Genesis/Dinos/MissionVariants/Hunt/Volcanic/Volcano_Golem_Character_BP_Hunt.Volcano_Golem_Character_BP_Hunt_C
Bog_Spino_Character_BP_Hunt_C,135,127,BlueprintGeneratedClass /Game/Genesis/Dinos/MissionVariants/Hunt/Bog/Bog_Spino_Character_BP_Hunt.Bog_Spino_Character_BP_Hunt_C
Snow_Yutyrannus_Character_BP_Hunt_C,150,142,BlueprintGeneratedClass /Game/Genesis/Dinos/MissionVariants/Hunt/Arctic/Snow_Yutyrannus_Character_BP_Hunt.Snow_Yutyrannus_Character_BP_Hunt_C
Bot_Character_BP_C,93,85,BlueprintGeneratedClass /Game/Genesis/Dinos/Bots/Bot_Character_BP.Bot_Character_BP_C
EelMinion_Character_BP_Easy_C,118,110,BlueprintGeneratedClass /Game/Genesis/Dinos/EelBoss/EelMinion_Character_BP_Easy.EelMinion_Character_BP_Easy_C
VRMainBoss_Character_Easy_C,117,109,BlueprintGeneratedClass /Game/Genesis/Dinos/VRMainBoss/VRMainBoss_Character_Easy.VRMainBoss_Character_Easy_C
EelBoss_Character_BP_Easy_C,114,106,BlueprintGeneratedClass /Game/Genesis/Dinos/EelBoss/EelBoss_Character_BP_Easy.EelBoss_Character_BP_Easy_C
Ocean_Megalodon_Character_BP_Retrieve_Brute_C,173,165,BlueprintGeneratedClass /Game/Genesis/Dinos/MissionVariants/Retrieve/Ocean/Ocean_Megalodon_Character_BP_Retrieve_Brute.Ocean_Megalodon_Character_BP_Retrieve_Brute_C
Ocean_Megalodon_Character_BP_Retrieve_C,161,153,BlueprintGeneratedClass /Game/Genesis/Dinos/MissionVariants/Retrieve/Ocean/Ocean_Megalodon_Character_BP_Retrieve.Ocean_Megalodon_Character_BP_Retrieve_C
Shapeshifter_Large_Character_BP_C,150,142,BlueprintGeneratedClass /Game/Genesis/Dinos/Shapeshifter/Shapeshifter_Large/Shapeshifter_Large_Character_BP.Shapeshifter_Large_Character_BP_C
Shapeshifter_Small_Character_BP_C,150,142,BlueprintGeneratedClass /Game/Genesis/Dinos/Shapeshifter/Shapeshifter_Small/Shapeshifter_Small_Character_BP.Shapeshifter_Small_Character_BP_C
Xenomorph_Character_BP_Male_InitialBuryOnly_Brute_Retrieve_C,203,195,BlueprintGeneratedClass /Game/Genesis/Dinos/MissionVariants/Retrieve/Lunar/Xenomorph_Character_BP_Male_InitialBuryOnly_Brute_Retrieve.Xenomorph_Character_BP_Male_InitialBuryOnly_Brute_Retrieve_C
InsectSwarmChar_BP_C,99,91,BlueprintGeneratedClass /Game/Genesis/Dinos/Swarms/InsectSwarmChar_BP.InsectSwarmChar_BP_C
Cherufe_Character_BP_C,104,96,BlueprintGeneratedClass /Game/Genesis/Dinos/Cherufe/Cherufe_Character_BP.Cherufe_Character_BP_C
BionicGigant_Character_BP_Malfunctioned_Gauntlet_C,183,175,BlueprintGeneratedClass /Game/Genesis/Dinos/MissionVariants/Gauntlet/Lunar/BionicGigant_Character_BP_Malfunctioned_Gauntlet.BionicGigant_Character_BP_Malfunctioned_Gauntlet_C
BionicGigant_Character_BP_Malfunctioned_C,153,145,BlueprintGeneratedClass /Game/PrimalEarth/Dinos/Giganotosaurus/BionicGigant_Character_BP_Malfunctioned.BionicGigant_Character_BP_Malfunctioned_C
BionicPara_Character_BP_Malfunctioned_C,139,131,BlueprintGeneratedClass /Game/PrimalEarth/Dinos/Para/BionicPara_Character_BP_Malfunctioned.BionicPara_Character_BP_Malfunctioned_C
BionicQuetz_Character_BP_Malfunctioned_C,151,143,BlueprintGeneratedClass /Game/PrimalEarth/Dinos/Quetzalcoatlus/BionicQuetz_Character_BP_Malfunctioned.BionicQuetz_Character_BP_Malfunctioned_C
BionicRaptor_Character_BP_Malfunctioned_C,145,137,BlueprintGeneratedClass /Game/PrimalEarth/Dinos/Raptor/BionicRaptor_Character_BP_Malfunctioned.BionicRaptor_Character_BP_Malfunctioned_C
BionicRex_Character_BP_Malfunctioned_C,136,128,BlueprintGeneratedClass /Game/PrimalEarth/Dinos/Rex/BionicRex_Character_BP_Malfunctioned.BionicRex_Character_BP_Malfunctioned_C
BionicStego_Character_BP_Malfunctioned_C,142,134,BlueprintGeneratedClass /Game/PrimalEarth/Dinos/Stego/BionicStego_Character_BP_Malfunctioned.BionicStego_Character_BP_Malfunctioned_C
BionicTrike_Character_BP_Malfunctioned_C,142,134,BlueprintGeneratedClass /Game/PrimalEarth/Dinos/Trike/BionicTrike_Character_BP_Malfunctioned.BionicTrike_Character_BP_Malfunctioned_C
GiantTurtle_Character_BP_C,116,108,BlueprintGeneratedClass /Game/Genesis/Dinos/GiantTurtle/GiantTurtle_Character_BP.GiantTurtle_Character_BP_C
MicrobeSwarmChar_BP_C,101,93,BlueprintGeneratedClass /Game/Genesis/Dinos/Swarms/MicrobeSwarmChar_BP.MicrobeSwarmChar_BP_C
Xenomorph_Character_BP_Male_InitialBuryOnly_Adolescent_C,176,168,BlueprintGeneratedClass /Game/Aberration/Dinos/Nameless/Xenomorph_Character_BP_Male_InitialBuryOnly_Adolescent.Xenomorph_Character_BP_Male_InitialBuryOnly_Adolescent_C
BionicGigant_Character_BP_C,125,117,BlueprintGeneratedClass /Game/PrimalEarth/Dinos/Giganotosaurus/BionicGigant_Character_BP.BionicGigant_Character_BP_C
BionicTrike_Character_BP_C,114,106,BlueprintGeneratedClass /Game/PrimalEarth/Dinos/Trike/BionicTrike_Character_BP.BionicTrike_Character_BP_C
Volcano_Allo_Character_BP_C,139,131,BlueprintGeneratedClass /Game/Genesis/Dinos/BiomeVariants/Volcano_Allosaurus/Volcano_Allo_Character_BP.Volcano_Allo_Character_BP_C
Volcano_Ankylo_Character_BP_C,145,137,BlueprintGeneratedClass /Game/Genesis/Dinos/BiomeVariants/Volcano_Ankylosaurus/Volcano_Ankylo_Character_BP.Volcano_Ankylo_Character_BP_C
Snow_Argent_Character_BP_C,134,126,BlueprintGeneratedClass /Game/Genesis/Dinos/BiomeVariants/Snow_Argentavis/Snow_Argent_Character_BP.Snow_Argent_Character_BP_C
Ocean_Basilosaurus_Character_BP_C,151,143,BlueprintGeneratedClass /Game/Genesis/Dinos/BiomeVariants/Ocean_Basilosaurus/Ocean_Basilosaurus_Character_BP.Ocean_Basilosaurus_Character_BP_C
Ocean_Dunkle_Character_BP_C,139,131,BlueprintGeneratedClass /Game/Genesis/Dinos/BiomeVariants/Ocean_Dunkleosteus/Ocean_Dunkle_Character_BP.Ocean_Dunkle_Character_BP_C
Ocean_Dolphin_Character_BP_C,136,128,BlueprintGeneratedClass /Game/Genesis/Dinos/BiomeVariants/Ocean_Dolphin/Ocean_Dolphin_Character_BP.Ocean_Dolphin_Character_BP_C
Ocean_Megalodon_Character_BP_C,142,134,BlueprintGeneratedClass /Game/Genesis/Dinos/BiomeVariants/Ocean_Megalodon/Ocean_Megalodon_Character_BP.Ocean_Megalodon_Character_BP_C
Ocean_Mosa_Character_BP_C,133,125,BlueprintGeneratedClass /Game/Genesis/Dinos/BiomeVariants/Ocean_Mosasaurus/Ocean_Mosa_Character_BP.Ocean_Mosa_Character_BP_C
Snow_Otter_Character_BP_C,127,119,BlueprintGeneratedClass /Game/Genesis/Dinos/BiomeVariants/Snow_Otter/Snow_Otter_Character_BP.Snow_Otter_Character_BP_C
Bog_Paracer_Character_BP_C,137,129,BlueprintGeneratedClass /Game/Genesis/Dinos/BiomeVariants/BogParaceratherium/Bog_Paracer_Character_BP.Bog_Paracer_Character_BP_C
Bog_Para_Character_BP_C,120,112,BlueprintGeneratedClass /Game/Genesis/Dinos/BiomeVariants/BogPara/Bog_Para_Character_BP.Bog_Para_Character_BP_C
Bog_Raptor_Character_BP_C,127,119,BlueprintGeneratedClass /Game/Genesis/Dinos/BiomeVariants/Bog_Raptor/Bog_Raptor_Character_BP.Bog_Raptor_Character_BP_C
Volcano_Rex_Character_BP_C,130,122,BlueprintGeneratedClass /Game/Genesis/Dinos/BiomeVariants/Volcano_Rex/Volcano_Rex_Character_BP.Volcano_Rex_Character_BP_C
Volcano_Golem_Character_BP_C,133,125,BlueprintGeneratedClass /Game/Genesis/Dinos/BiomeVariants/Lava_Golem/Volcano_Golem_Character_BP.Volcano_Golem_Character_BP_C
Snow_Saber_Character_BP_C,127,119,BlueprintGeneratedClass /Game/Genesis/Dinos/BiomeVariants/Snow_Saber/Snow_Saber_Character_BP.Snow_Saber_Character_BP_C
Lunar_Salmon_Character_BP_C,133,125,BlueprintGeneratedClass /Game/Genesis/Dinos/BiomeVariants/Lunar_Salmon/Lunar_Salmon_Character_BP.Lunar_Salmon_Character_BP_C
Bog_Spino_Character_BP_C,124,116,BlueprintGeneratedClass /Game/Genesis/Dinos/BiomeVariants/Bog_Spino/Bog_Spino_Character_BP.Bog_Spino_Character_BP_C
Bog_Tapejara_Character_BP_C,133,125,BlueprintGeneratedClass /Game/Genesis/Dinos/BiomeVariants/Bog_Tapejara/Bog_Tapejara_Character_BP.Bog_Tapejara_Character_BP_C
Volcano_Trike_Character_BP_C,136,128,BlueprintGeneratedClass /Game/Genesis/Dinos/BiomeVariants/Volcano_Trike/Volcano_Trike_Character_BP.Volcano_Trike_Character_BP_C
Snow_Rhino_Character_BP_C,133,125,BlueprintGeneratedClass /Game/Genesis/Dinos/BiomeVariants/Snow_WoollyRhino/Snow_Rhino_Character_BP.Snow_Rhino_Character_BP_C
Snow_Yutyrannus_Character_BP_C,142,134,BlueprintGeneratedClass /Game/Genesis/Dinos/BiomeVariants/Snow_Yutyrannus/Snow_Yutyrannus_Character_BP.Snow_Yutyrannus_Character_BP_C
CrystalWyvern_Character_BP_Mega_C,136,128,BlueprintGeneratedClass /Game/PrimalEarth/Dinos/CrystalWyvern/CrystalWyvern_Character_BP_Mega.CrystalWyvern_Character_BP_Mega_C
CrystalWyvern_Character_BP_Blood_C,138,130,BlueprintGeneratedClass /Game/PrimalEarth/Dinos/CrystalWyvern/CrystalWyvern_Character_BP_Blood.CrystalWyvern_Character_BP_Blood_C
CrystalWyvern_Character_BP_Boss_Easy_C,152,144,BlueprintGeneratedClass /Game/Mods/CrystalIsles/Assets/Dinos/CIBoss/CrystalWyvern_Character_BP_Boss_Easy.CrystalWyvern_Character_BP_Boss_Easy_C
CrystalWyvern_Character_BP_Boss_Medium_C,156,148,BlueprintGeneratedClass /Game/Mods/CrystalIsles/Assets/Dinos/CIBoss/CrystalWyvern_Character_BP_Boss_Medium.CrystalWyvern_Character_BP_Boss_Medium_C
CrystalWyvern_Character_BP_Boss_Hard_C,152,144,BlueprintGeneratedClass /Game/Mods/CrystalIsles/Assets/Dinos/CIBoss/CrystalWyvern_Character_BP_Boss_Hard.CrystalWyvern_Character_BP_Boss_Hard_C
CrystalWyvern_Character_BP_Ember_C,138,130,BlueprintGeneratedClass /Game/PrimalEarth/Dinos/CrystalWyvern/CrystalWyvern_Character_BP_Ember.CrystalWyvern_Character_BP_Ember_C
HoneyBee_Character_BP_C,124,116,BlueprintGeneratedClass /Game/Mods/CrystalIsles/Assets/Dinos/HoneyBee/HoneyBee_Character_BP.HoneyBee_Character_BP_C
Tropeognathus_Character_BP_C,126,118,BlueprintGeneratedClass /Game/PrimalEarth/Dinos/Tropeognathus/Tropeognathus_Character_BP.Tropeognathus_Character_BP_C
CrystalWyvern_Character_BP_WS_C,132,124,BlueprintGeneratedClass /Game/PrimalEarth/Dinos/CrystalWyvern/CrystalWyvern_Character_BP_WS.CrystalWyvern_Character_BP_WS_C
SpaceDolphin_Character_BP_C,120,112,BlueprintGeneratedClass /Game/Genesis2/Dinos/SpaceDolphin/SpaceDolphin_Character_BP.SpaceDolphin_Character_BP_C
MilkGlider_Character_BP_C,114,106,BlueprintGeneratedClass /Game/Genesis2/Dinos/MilkGlider/MilkGlider_Character_BP.MilkGlider_Character_BP_C
BrainSlug_Character_BP_C,111,103,BlueprintGeneratedClass /Game/Genesis2/Dinos/BrainSlug/BrainSlug_Character_BP.BrainSlug_Character_BP_C
LionfishLion_Character_BP_C,120,112,BlueprintGeneratedClass /Game/Genesis2/Dinos/LionfishLion/LionfishLion_Character_BP.LionfishLion_Character_BP_C
TekStrider_Character_BP_C,114,106,BlueprintGeneratedClass /Game/Genesis2/Dinos/TekStrider/TekStrider_Character_BP.TekStrider_Character_BP_C
TekWyvern_Character_BP_C,111,103,BlueprintGeneratedClass /Game/Genesis2/Dinos/TekWyvern/TekWyvern_Character_BP.TekWyvern_Character_BP_C
Allo_Character_BP_Rockwell_C,123,115,BlueprintGeneratedClass /Game/Genesis2/Dinos/BiomeVariants/Allo_Character_BP_Rockwell.Allo_Character_BP_Rockwell_C
Carno_Character_BP_Rockwell_C,125,117,BlueprintGeneratedClass /Game/Genesis2/Dinos/BiomeVariants/Carno_Character_BP_Rockwell.Carno_Character_BP_Rockwell_C
Daeodon_Character_BP_Eden_C,121,113,BlueprintGeneratedClass /Game/Genesis2/Dinos/BiomeVariants/Daeodon_Character_BP_Eden.Daeodon_Character_BP_Eden_C
Dilo_Character_BP_Rockwell_C,123,115,BlueprintGeneratedClass /Game/Genesis2/Dinos/BiomeVariants/Dilo_Character_BP_Rockwell.Dilo_Character_BP_Rockwell_C
Direbear_Character_BP_Rockwell_C,131,123,BlueprintGeneratedClass /Game/Genesis2/Dinos/BiomeVariants/Direbear_Character_BP_Rockwell.Direbear_Character_BP_Rockwell_C
Direwolf_Character_BP_Eden_C,123,115,BlueprintGeneratedClass /Game/Genesis2/Dinos/BiomeVariants/Direwolf_Character_BP_Eden.Direwolf_Character_BP_Eden_C
Equus_Character_BP_Eden_C,117,109,BlueprintGeneratedClass /Game/Genesis2/Dinos/BiomeVariants/Equus_Character_BP_Eden.Equus_Character_BP_Eden_C
GasBags_Character_BP_Eden_C,121,113,BlueprintGeneratedClass /Game/Genesis2/Dinos/BiomeVariants/GasBags_Character_BP_Eden.GasBags_Character_BP_Eden_C
Gigant_Character_BP_Rockwell_C,127,119,BlueprintGeneratedClass /Game/Genesis2/Dinos/BiomeVariants/Gigant_Character_BP_Rockwell.Gigant_Character_BP_Rockwell_C
Megatherium_Character_BP_Eden_C,129,121,BlueprintGeneratedClass /Game/Genesis2/Dinos/BiomeVariants/Megatherium_Character_BP_Eden.Megatherium_Character_BP_Eden_C
Owl_Character_BP_Eden_C,113,105,BlueprintGeneratedClass /Game/Genesis2/Dinos/BiomeVariants/Owl_Character_BP_Eden.Owl_Character_BP_Eden_C
Para_Character_BP_Eden_C,115,107,BlueprintGeneratedClass /Game/Genesis2/Dinos/BiomeVariants/Para_Character_BP_Eden.Para_Character_BP_Eden_C
Procoptodon_Character_BP_Eden_C,129,121,BlueprintGeneratedClass /Game/Genesis2/Dinos/BiomeVariants/Procoptodon_Character_BP_Eden.Procoptodon_Character_BP_Eden_C
Quetz_Character_BP_Rockwell_C,125,117,BlueprintGeneratedClass /Game/Genesis2/Dinos/BiomeVariants/Quetz_Character_BP_Rockwell.Quetz_Character_BP_Rockwell_C
Sauropod_Character_BP_Rockwell_C,131,123,BlueprintGeneratedClass /Game/Genesis2/Dinos/BiomeVariants/Sauropod_Character_BP_Rockwell.Sauropod_Character_BP_Rockwell_C
Spindles_Character_BP_Rockwell_C,131,123,BlueprintGeneratedClass /Game/Genesis2/Dinos/BiomeVariants/Spindles_Character_BP_Rockwell.Spindles_Character_BP_Rockwell_C
Thylacoleo_Character_BP_Eden_C,127,119,BlueprintGeneratedClass /Game/Genesis2/Dinos/BiomeVariants/Thylacoleo_Character_BP_Eden.Thylacoleo_Character_BP_Eden_C
Turtle_Character_BP_Rockwell_C,127,119,BlueprintGeneratedClass /Game/Genesis2/Dinos/BiomeVariants/Turtle_Character_BP_Rockwell.Turtle_Character_BP_Rockwell_C
Xenomorph_Character_BP_Female_Gen2_C,139,131,BlueprintGeneratedClass /Game/Genesis2/Dinos/BiomeVariants/Xenomorph_Character_BP_Female_Gen2.Xenomorph_Character_BP_Female_Gen2_C
Xenomorph_Character_BP_Male_Gen2_C,135,127,BlueprintGeneratedClass /Game/Genesis2/Dinos/BiomeVariants/Xenomorph_Character_BP_Male_Gen2.Xenomorph_Character_BP_Male_Gen2_C
Xenomorph_Character_BP_Male_Tamed_Gen2_C,147,139,BlueprintGeneratedClass /Game/Genesis2/Dinos/BiomeVariants/Xenomorph_Character_BP_Male_Tamed_Gen2.Xenomorph_Character_BP_Male_Tamed_Gen2_C
Summoner_Character_BP_C,108,100,BlueprintGeneratedClass /Game/Genesis2/Dinos/Summoner/Summoner_Character_BP.Summoner_Character_BP_C
Macrophage_Swarm_Character_C,120,112,BlueprintGeneratedClass /Game/Genesis2/Dinos/Macrophage/Macrophage_Swarm_Character.Macrophage_Swarm_Character_C
Exosuit_Character_BP_C,105,97,BlueprintGeneratedClass /Game/Genesis2/Dinos/Exosuit/Exosuit_Character_BP.Exosuit_Character_BP_C
RockwellNode_Character_BP_Boss_C,156,148,BlueprintGeneratedClass /Game/Genesis2/Missions/ModularMission/FinalBattleAlt/Dinos/RockwellNode_Character_BP_Boss.RockwellNode_Character_BP_Boss_C
RockwellNode_Character_BP_Boss_Alpha_C,181,173,BlueprintGeneratedClass /Game/Genesis2/Missions/ModularMission/FinalBattleAlt/Difficulties/Alpha/RockwellNode_Character_BP_Boss_Alpha.RockwellNode_Character_BP_Boss_Alpha_C
RockwellNode_Character_BP_Boss_Beta_C,178,170,BlueprintGeneratedClass /Game/Genesis2/Missions/ModularMission/FinalBattleAlt/Difficulties/Beta/RockwellNode_Character_BP_Boss_Beta.RockwellNode_Character_BP_Boss_Beta_C
RockwellNode_Character_BP_Boss_Gamma_C,181,173,BlueprintGeneratedClass /Game/Genesis2/Missions/ModularMission/FinalBattleAlt/Difficulties/Gamma/RockwellNode_Character_BP_Boss_Gamma.RockwellNode_Character_BP_Boss_Gamma_C
RockwellNode_Character_BP_FinalFight_C,168,160,BlueprintGeneratedClass /Game/Genesis2/Missions/ModularMission/FinalBattleAlt/Dinos/RockwellNode_Character_BP_FinalFight.RockwellNode_Character_BP_FinalFight_C
RockwellNode_Character_BP_FinalFight_Alpha_C,193,185,BlueprintGeneratedClass /Game/Genesis2/Missions/ModularMission/FinalBattleAlt/Difficulties/Alpha/RockwellNode_Character_BP_FinalFight_Alpha.RockwellNode_Character_BP_FinalFight_Alpha_C
RockwellNode_Character_BP_FinalFight_Beta_C,190,182,BlueprintGeneratedClass /Game/Genesis2/Missions/ModularMission/FinalBattleAlt/Difficulties/Beta/RockwellNode_Character_BP_FinalFight_Beta.RockwellNode_Character_BP_FinalFight_Beta_C
RockwellNode_Character_BP_FinalFight_Gamma_C,193,185,BlueprintGeneratedClass /Game/Genesis2/Missions/ModularMission/FinalBattleAlt/Difficulties/Gamma/RockwellNode_Character_BP_FinalFight_Gamma.RockwellNode_Character_BP_FinalFight_Gamma_C
Amargasaurus_Character_BP_C,122,114,BlueprintGeneratedClass /Game/LostIsland/Dinos/Amargasaurus/Amargasaurus_Character_BP.Amargasaurus_Character_BP_C
Dinopithecus_Character_BP_C,122,114,BlueprintGeneratedClass /Game/LostIsland/Dinos/Dinopithecus/Dinopithecus_Character_BP.Dinopithecus_Character_BP_C
BossDinopithecus_Character_BP_Easy_C,126,118,BlueprintGeneratedClass /Game/LostIsland/Boss/BossDinopithecus_Character_BP_Easy.BossDinopithecus_Character_BP_Easy_C
BossDinopithecus_Character_BP_Medium_C,130,122,BlueprintGeneratedClass /Game/LostIsland/Boss/BossDinopithecus_Character_BP_Medium.BossDinopithecus_Character_BP_Medium_C
BossDinopithecus_Character_BP_Hard_C,126,118,BlueprintGeneratedClass /Game/LostIsland/Boss/BossDinopithecus_Character_BP_Hard.BossDinopithecus_Character_BP_Hard_C
Sinomacrops_Character_BP_C,119,111,BlueprintGeneratedClass /Game/LostIsland/Dinos/Sinomacrops/Sinomacrops_Character_BP.Sinomacrops_Character_BP_C
